DROP TABLE DEPT
/
CREATE TABLE DEPT 
    (DEPTNO NUMBER(2) NOT NULL, 
	DNAME CHAR(14) NULL, 
	LOC CHAR(13) NULL ) 
/
DROP TABLE EMP
/
CREATE TABLE EMP 
	(EMPNO NUMBER(4) NOT NULL, 
	ENAME CHAR(10) NULL, 
	JOB CHAR(9) NULL, 
	MGR NUMBER(4) NULL, 
	HIREDATE DATE NULL , 
	SAL NUMBER(7,2) NULL, 
	COMM NUMBER(7,2) NULL, 
	DEPTNO NUMBER(2))
/
INSERT INTO DEPT VALUES 
	(10,'ACCOUNTING','NEW YORK')
/
INSERT INTO DEPT VALUES (20,'RESEARCH','DALLAS')
/
INSERT INTO DEPT VALUES 
	(30,'SALES','CHICAGO')
/
INSERT INTO DEPT VALUES 
	(40,'OPERATIONS','BOSTON')
/
INSERT INTO EMP VALUES 
(7369,'SMITH','CLERK',7902, TO_DATE('17/12/1980', 'dd/mm/yyyy'),800,NULL,20)
/
INSERT INTO EMP VALUES 
(7499,'ALLEN','SALESMAN',7698, TO_DATE('20/2/1981', 'dd/mm/yyyy'),1600,300,30)
/
INSERT INTO EMP VALUES 
(7521,'WARD','SALESMAN',7698, TO_DATE('22/2/1981', 'dd/mm/yyyy'),1250,500,30)
/
INSERT INTO EMP VALUES 
(7566,'JONES','MANAGER',7839, TO_DATE('2/4/1981', 'dd/mm/yyyy'),2975,NULL,20)
/
INSERT INTO EMP VALUES 
(7654,'MARTIN','SALESMAN',7698, TO_DATE('28/9/1981', 'dd/mm/yyyy'),1250,1400,30)
/
INSERT INTO EMP VALUES 
(7698,'BLAKE','MANAGER',7839, TO_DATE('1/5/1981', 'dd/mm/yyyy'),2850,NULL,30)
/
INSERT INTO EMP VALUES 
(7782,'CLARK','MANAGER',7839, TO_DATE('9/6/1981', 'dd/mm/yyyy'),2450,NULL,10)
/
INSERT INTO EMP VALUES 
(7788,'SCOTT','ANALYST',7566, TO_DATE('13/7/1987', 'dd/mm/yyyy'),3000,NULL,20)
/
INSERT INTO EMP VALUES
(7839,'KING','PRESIDENT',NULL, TO_DATE('17/11/1981', 'dd/mm/yyyy'),5000,NULL,10)
/
INSERT INTO EMP VALUES 
(7844,'TURNER','SALESMAN',7698, TO_DATE('8/9/1981', 'dd/mm/yyyy'),1500,0,30)
/
INSERT INTO EMP VALUES 
(7876,'ADAMS','CLERK',7788,TO_DATE('13/7/1987', 'dd/mm/yyyy'),1100,NULL,20)
/
INSERT INTO EMP VALUES 
(7900,'JAMES','CLERK',7698,TO_DATE('3/12/1981', 'dd/mm/yyyy'),950,NULL,30)
/
INSERT INTO EMP VALUES 
(7902,'FORD','ANALYST',7566,TO_DATE('3/12/1981', 'dd/mm/yyyy'),3000,NULL,20)
/
INSERT INTO EMP VALUES 
(7934,'MILLER','CLERK',7782,TO_DATE('23/1/1982', 'dd/mm/yyyy'),1300,NULL,10)
/
DROP TABLE BONUS
/
CREATE TABLE BONUS 
	( 
	ENAME CHAR(10) NULL, 
	JOB CHAR(9) NULL, 
	SAL NUMBER NULL, 
	COMM NUMBER 
	) 
/
DROP TABLE salgrade;

CREATE TABLE salgrade(
	grade		NUMBER( 5 ),
	losal		NUMBER( 7 ),
	hisal		NUMBER( 7 ),
	tax			NUMBER( 5, 2 ),
	seniority	NUMBER( 2 ));

INSERT INTO salgrade VALUES( 1,  700, 1200, 0.10, 2 );
INSERT INTO salgrade VALUES( 2, 1201, 1400, 0.15, 3 );
INSERT INTO salgrade VALUES( 3, 1401, 2000, 0.20, 4 );
INSERT INTO salgrade VALUES( 4, 2001, 3000, 0.35, 3 );
INSERT INTO salgrade VALUES( 5, 3001, 9999, 0.60, 0 );

COMMIT;